Ranking Method,MRR,User ID
Average,0.5684444444444444,U1
Discounted Reward Only,0.4017777777777778,U1
Discounted Reward with Adjustment,0.6121111111111112,U1
Average,0.3943333333333333,U2
Discounted Reward Only,0.35133333333333333,U2
Discounted Reward with Adjustment,0.5843333333333334,U2
Average,0.4943333333333333,U3
Discounted Reward Only,0.32922222222222225,U3
Discounted Reward with Adjustment,0.4906666666666667,U3
